Profile ID,Advocacy,Advocacy Description,Product/Service,Product/Service Description,Organizational Optimization,Organizational Optimization Description,Research,Research Description,Other,Use - Other Description,Processed
475,FALSE,,TRUE,creators of Kidsdata.org with data on more than 500 measures of child health and well being for every county -  city -  school district -  and legislative district in California.,FALSE,,FALSE,,FALSE,,0
486,FALSE,,FALSE,,FALSE,,TRUE,"Uses open data to generate research and recommendations on how to tackle social issues (e.g. environment, education, food security).",FALSE,,0
493,FALSE,,FALSE,,TRUE,comprehensive data aggregation -  unmatched data integrity -  flexible analytics -  intuitive reporting -  limitless customization and interactive portals,FALSE,,FALSE,,0
503,FALSE,,FALSE,,TRUE,combines open and public data with own research to help funders and non-profits better understand the patterns -  and specifically the risks and opportunities in their funding environment.,FALSE,,FALSE,,0
512,FALSE,,TRUE,AAMVA develops and maintains many information systems that facilitate the electronic exchange of driver -  vehicle -  and identity information between organizations.,FALSE,,TRUE,responding to data queries from members,FALSE,,0
520,FALSE,,TRUE,develops infrastructure for creating and operating apps and APIs.,FALSE,,FALSE,,FALSE,,0
528,TRUE,Advocactes for issues related to transparency and access to public information.,FALSE,,FALSE,,FALSE,,FALSE,,0
533,TRUE,Advocactes for issues related to transparency and access to public information.,FALSE,,FALSE,,FALSE,,FALSE,,0
541,FALSE,,FALSE,,TRUE,Use public data about Vancouverâ€™s shorelines to examine the impact of a rising sea level on development in the city,FALSE,,FALSE,,0
546,FALSE,,TRUE,"GPS, Open Data, and high-quality speech synthesis are among the key technologies that made the successful creation of the app possible.",FALSE,,FALSE,,FALSE,,0
553,TRUE,Advocates for issues related to transparency and access to public information.,FALSE,,FALSE,,FALSE,,FALSE,,0
559,FALSE,,FALSE,,TRUE,Processes open data,FALSE,,FALSE,,0
568,FALSE,,FALSE,,TRUE,analysis of labor and veterans data,FALSE,,FALSE,,0
577,FALSE,,TRUE,platform is based on open data from Census program,FALSE,,FALSE,,FALSE,,0
584,FALSE,,TRUE,"Has developed various government data portal, such as HealthCare.gov.",FALSE,,FALSE,,FALSE,,0
593,TRUE,"Uses open data in various civic projects, such as StarHealth, and GotToVote.",FALSE,,FALSE,,FALSE,,FALSE,,0
605,TRUE,"Uses open data in various civic projects, such as ""Apertura de Datos"", and ""AplicaciÃ_n cÃ_vica para Hidalgo"".",FALSE,,FALSE,,FALSE,,FALSE,,0
617,TRUE,Platform is based on open parliament data.,FALSE,,FALSE,,FALSE,,FALSE,,0
626,FALSE,,FALSE,,TRUE,,FALSE,,FALSE,,0
635,TRUE,Uses open data to create technological innovation a positive social change.,FALSE,,FALSE,,FALSE,,FALSE,,0
642,TRUE,"Finds, processes, analyzes, visualizes and manages open data to make data accessible to more people.",FALSE,,FALSE,,FALSE,,FALSE,,0
651,TRUE,"Uses open data in various civic projects to empower individuals with open, accessible, and complete information.",FALSE,,FALSE,,FALSE,,FALSE,,0
657,FALSE,,FALSE,,TRUE,,FALSE,,FALSE,,0
664,FALSE,,FALSE,,TRUE,They make use of open -  public -  crowd sourced -  sensor and satellite data to provide a variety of mapping and visualization services that are utilised in land information systems -  mapping agencies -  energy and utilities -  telecommunications - . i.e. activities which are field oriented.,FALSE,,FALSE,,0
673,FALSE,,TRUE,It uses federal and municipal open data for its â€œImprove Your Schoolâ€ù platform -  which promotes citizen participation to improve education in Mexico. The platform was designed to analyze the discrepancy between Mexicoâ€™s public education system. It consistently ranks high according to families and low on a global scale. The platform helps users make more informed decisions about public education and culls information from users about their experience in the education system.,FALSE,,FALSE,,FALSE,,0
678,FALSE,,FALSE,,TRUE,products enable customers to save energy,FALSE,,FALSE,,0
686,TRUE,Uses open data to arm women employees with facts of unequal payments in the US with tables and graphs of the average women payoff and payoff distrubition. ,FALSE,"Uses open data to help women employees to seek suitable jobs with career consultation, resume advice and interview tips. Employers can also post career positions on the platform and hire workers based on the open data about employees.",FALSE,,FALSE,,FALSE,,0
901,FALSE,,TRUE,"Uses open data to provide consultancy services in health economics, outcomes research, market access, statistics and epidemiology.",FALSE,,FALSE,,FALSE,,0
909,FALSE,,TRUE,Uses census open data to provide mobile advertising solutions.,FALSE,,FALSE,,FALSE,,0
917,FALSE,,FALSE,,TRUE,partner with NREL to produce solar panels,FALSE,,FALSE,,0
924,FALSE,,TRUE,Uses open data to provide financial and consulting services.,FALSE,,FALSE,,FALSE,,0
940,TRUE,,FALSE,,FALSE,,FALSE,,FALSE,,0
949,FALSE,,FALSE,,TRUE,iGoMap platform using meteorological information from Ministry of Transportation and Communications -  the National Forest Recreation Areas from Council of Agriculture and restaurant information data.,FALSE,,FALSE,,0
957,FALSE,,FALSE,,TRUE,,FALSE,,FALSE,,0
972,FALSE,,FALSE,,TRUE,,FALSE,,FALSE,,0
982,FALSE,,TRUE,The Veterans Talent is a mapping tool to search for veteran skills and job postings,FALSE,,FALSE,,FALSE,,0
994,FALSE,,FALSE,,TRUE,,FALSE,,FALSE,,0
999,FALSE,,FALSE,,FALSE,,TRUE,conducts research to prevent motor vehicle crashes,FALSE,,0
1009,FALSE,,TRUE,provides access to IP information through the Patent Value Report -  Patent Factor Index Report and Prior Art Database,FALSE,,FALSE,,FALSE,,0
1015,FALSE,,TRUE,uses open data in various projects -  e.g. Detective.io; Politinder; Open Data strategy at ANDRA; Spending stories,FALSE,,FALSE,,FALSE,,0
1026,FALSE,,FALSE,,TRUE,,FALSE,,FALSE,,0
1035,FALSE,,FALSE,,FALSE,,FALSE,,FALSE,,0
1044,FALSE,,TRUE,use litigation data to publish reports and offer data services,FALSE,,FALSE,,FALSE,,0
1051,FALSE,,TRUE,The Timesâ€™ dataÂ_base of Los Angeles County crime reÂ_ports maps.latimes.com/crime/ based on data from the Los Angeles PoÂ_lice DeÂ_partÂ_ment and Los Angeles County SherÂ_iff's DeÂ_partÂ_ment -  Crime L.A.,FALSE,,FALSE,,FALSE,,0
1056,FALSE,,TRUE,created the FIT-MAP app for the FDA. It helps inspectors collect location-specific food source data to effectively identify food supply threats.,FALSE,,FALSE,,FALSE,,0
1060,FALSE,,TRUE,Designs maps based on open data,TRUE,uses NASA -  DigitalGlobe -  USGS data in Mapbox Satellite,FALSE,,FALSE,,0
1065,FALSE,,TRUE,"uses open source to build up a platform Kixi for sharing information about energy and environment, trying to realize the potential of building up zero carbon infrastructure. ",TRUE,Data analysis - e.g. the identification of  potential efficiency savings to the NHS of Â£200 million,FALSE,,FALSE,,0
1069,FALSE,,FALSE,"Collect and analyze open datas in newspapers, magazines, TVs and internet to share transparent media informations and analysis results through tables and figures.",FALSE,,FALSE,,FALSE,,0
1075,FALSE,,FALSE,,TRUE,uses weather data for better meteorological forecast,FALSE,,FALSE,,0
1079,FALSE,,FALSE,,TRUE,In collaboration with partners -  uses open data to deliver information to users,FALSE,,FALSE,,0
1083,TRUE,Uses open data to promote health and safety.,FALSE,,FALSE,,TRUE,publishes guides for preventing unintentional injuries and deaths,FALSE,,0
1087,TRUE,uses federal nutritional info open dataset to calculate and provide a health score for food options in the user's vicinity to encourage heathy food choices and healthy lifestyles,FALSE,"Uses open geolocation data to generate map of local food options near users. In addition to the federal nutritional info open dataset, information has been drawn from non-governmental*, municipal, provincial, and additional federal datasets not available through the Open Data portal. Neighbourfood uses local information to provide a context for choosing food to support a healthy lifestyle. Beyond just chain restaurants, users can explore the options available from community food trees and gardens, local food vendors, and nearby supermarkets.",FALSE,,FALSE,,FALSE,,0
1091,FALSE,,TRUE,"uses open data to provide cost-effective, high-quality, and reliable real-time information to the riders and managers of public transit.",FALSE,,FALSE,,FALSE,,0
1095,FALSE,,FALSE,"Uses open datas to create a reliable, efficient and client-driven public system for management. Main areas NITEC focuses on are IT program service and ""electronic government"" cooperation. ",FALSE,,FALSE,,FALSE,,0
1099,TRUE,created platform with Congressional data,FALSE,,FALSE,,FALSE,,FALSE,,0
1103,FALSE,,FALSE,Uses open data to provide free transportation information for the urban residents and tourists.,FALSE,,FALSE,,FALSE,,0
1107,TRUE,,FALSE,,FALSE,,FALSE,,FALSE,,0
1111,TRUE,various projects related to open data -  e.g. Hackathons,FALSE,,FALSE,,FALSE,,FALSE,,0
1116,TRUE,GM Bus Times;Hampshire County Council Linked Data trial;City of Things,FALSE,,FALSE,,FALSE,,FALSE,,0
1120,TRUE,various projects related to open data -  e.g. Hackathons,FALSE,,FALSE,,FALSE,,FALSE,,0
1124,TRUE,various projects related to open data -  e.g. Hackathons,FALSE,,FALSE,,FALSE,,FALSE,,0
1128,TRUE,various projects related to open data -  e.g. School of data,FALSE,,FALSE,,FALSE,,FALSE,,0
1132,TRUE,various projects related to open data -  e.g.Opespendingnepal.org,FALSE,,FALSE,,FALSE,,FALSE,,0
1136,TRUE,various projects related to open data -  e.g. Open Culture Hackathon,FALSE,,FALSE,,FALSE,,FALSE,,0
1140,TRUE,various projects related to open data -  e.g. Hackathons,FALSE,,FALSE,,FALSE,,FALSE,,0
1144,TRUE,uses open data is various projects -  e.g. Ha(r)ckeology,FALSE,,FALSE,,FALSE,,FALSE,,0
1150,FALSE,,FALSE,"With OpenGovâ€™s cloud-based platform, state and local governments of all sizes collaborate more effectively, make smarter data-driven decisions, and achieve greater transparency.",FALSE,,FALSE,,FALSE,,0
1157,FALSE,,FALSE,,TRUE,platform is designed to integrate open data so users can better manage and evaluate their programs.,FALSE,,FALSE,,0
1161,FALSE,,FALSE,Uses open datas to to work with thought-leading partners to enable innovation and ground-breaking research designed to improve patient care and patient value. ,FALSE,,FALSE,,FALSE,,0
1165,FALSE,,FALSE,,TRUE,,FALSE,,FALSE,,0
1169,FALSE,,FALSE,"Builds platforms which take the power of machine learning and marries it with story telling of data visualization to give customers clear, actionable insights on global trade.",FALSE,,FALSE,,FALSE,,0
1173,FALSE,,FALSE,Uses open datas to give young people the most affordable loan rate by looking beyond their credit score to who they are and where theyâ€™re going.,FALSE,,FALSE,,FALSE,,0
1177,FALSE,,FALSE,,TRUE,Pharmapod uses data on pharmacies and medicines in Ireland to inform risk management and report systems for pharnacies. It's Incident Reporting and Learning System (GRLS) is a cloud-based software enables pharmacists to systematically record medication-related incidents and risks in practice and carry out effective root-cause analysis.,FALSE,,FALSE,,0
1181,FALSE,,TRUE,leverage open environmental data in the Plume Air Report app.,FALSE,,FALSE,,FALSE,,0
1186,FALSE,,TRUE,The Pos Rep app uses open data to provide employment and health assistance.,FALSE,,FALSE,,FALSE,,0
1190,FALSE,,FALSE,Uses open data to look at global transportation market to advise clients which service provider is best to use,FALSE,,FALSE,,FALSE,,0
1194,FALSE,,TRUE,open data related to geography -  education -  transporation -  and the environment is used to develop a detailed analysis of the real estate market.,FALSE,,FALSE,,FALSE,,0
1198,TRUE,obudget.org uses Israel's parliament open data,FALSE,,FALSE,,FALSE,,FALSE,,0
1202,FALSE,,FALSE,"Uses open data to research and facilitate the adoption of new approaches for applying new, digital data sources and real-time analysis techniques to social development.",FALSE,,FALSE,,FALSE,,0
1208,FALSE,,FALSE,,TRUE,,FALSE,,FALSE,,0
1213,FALSE,,FALSE,,TRUE,,FALSE,,FALSE,,0
1217,FALSE,,FALSE,Uses open data to provide transparent government information through internet and allow citizens to supervise the government in an easy way.,FALSE,,FALSE,,FALSE,,0
1222,FALSE,,FALSE,"Uses open data to aggregate and distribute real time transit arrivals, schedules and service alerts for display on any type of screen.",FALSE,,FALSE,,FALSE,,0
1226,FALSE,,FALSE,,TRUE,financial and economic news,FALSE,,FALSE,,0
1231,FALSE,,FALSE,,TRUE,,FALSE,,FALSE,,0
1236,TRUE,"Uses open data to create a U.S. criminal justice system by promoting reforms in sentencing policy, addressing unjust racial disparities and practices, and advocating for alternatives to incarceration.",FALSE,,FALSE,,FALSE,,FALSE,,0
1241,FALSE,,FALSE,"Uses open data to develop a student loan comparison tool for borrowers to choose loan options by lender, APR, monthly payment.",FALSE,,FALSE,,FALSE,,0
1247,FALSE,,FALSE,"Uses open data to provide digital services and tools to help governments and other social impact organizations achieve their missions, and empower communities by better using technology and data.",FALSE,,FALSE,,FALSE,,0
1251,FALSE,,FALSE,,FALSE,,TRUE,,FALSE,,0
1255,FALSE,,FALSE,"Uses open data to provide ""Native App"" and ""Hybrid App"" services to clients, with which client companies can create innovative mobile application products.",FALSE,,FALSE,,FALSE,,0
1259,FALSE,,FALSE,,TRUE,Combines real estate data with transportation data to help choose the best location to live in terms of travel time to important places -  like schools,FALSE,,FALSE,,0
1263,FALSE,,FALSE,,TRUE,uses open data to provide a macro perspective in field based sectors such as urban planning -  geological services -  and transport.,FALSE,,FALSE,,0
1270,FALSE,,FALSE,,TRUE,,FALSE,,FALSE,,0
1274,FALSE,,FALSE,,TRUE,,FALSE,,FALSE,,0
1278,FALSE,,TRUE,SumoBrain makes all patents readily searchable,FALSE,,FALSE,,FALSE,,0
1282,FALSE,,FALSE,,TRUE,It uses open on Healthcare (doctors -  pricing -  surgery result -  mortality rate etc) and Insurance (claims data) to maintain the database of all the medical reports -  providing credible -  relevant -  and precise cost and quality information.,FALSE,,FALSE,,0
1286,FALSE,,FALSE,"Uses tagged financial statements to standardize and validate financial data, and offer higher quality data at lower prices for clients such as corporates, business schools, etc.",FALSE,,FALSE,,FALSE,,0
1290,FALSE,,TRUE,Telus offers a suite of products based on the use of electoral -  socio-demographic and geographic open data.,FALSE,,FALSE,,FALSE,,0
1295,FALSE,,TRUE,Weather apps such as Dark Sky. The data provided by Forecast.io is also used in the developement of 3rd party apps e.g. forecast.io/powered-by.html,FALSE,,FALSE,,FALSE,,0
1299,FALSE,,TRUE,CrimeMapping.com has been developed by The Omega Group to help law enforcement agencies throughout North America provide the public with valuable information about recent crime activity in their neighborhood.,FALSE,,FALSE,,FALSE,,0
1303,FALSE,,TRUE,CrimeBot app uses open crime data,FALSE,,FALSE,,FALSE,,0
1307,FALSE,,TRUE,,TRUE,,FALSE,,FALSE,,0
1311,TRUE,"Transparencia Mexicana's research on transparency and ""Follow the Money"" intiative relies on public financial databases.",FALSE,,FALSE,,FALSE,,FALSE,,0
1316,FALSE,,TRUE,Transparent Chennai has created a mapping tool which allows for the visualization of civic (both official and crowdsourced) data on a map. The organization aggregates -  creates and disseminates data and research about important civic issues facing Chennai -  including those issues facing the poor. Some of these data are visualized on interactive maps -  other are available on the website in the form of research publications and blogs.,FALSE,,TRUE,Research conducted on waste management -  water and sanitation issues -  slums and informal settlements -  electoral accountability and city governance,FALSE,,0
1321,FALSE,,TRUE,access the bus -  route and timetable data of bus organisations and government authorities.,FALSE,,FALSE,,FALSE,,0
1326,FALSE,,FALSE,,TRUE,use open source technologies and open-data to create unique and beautiful experiences for our customers.,FALSE,,FALSE,,0
1333,TRUE,"Advocate the values of equality, solidarity, tolerance, respect for nature and mutual responsibility. Aims to address world issues from poverty reduction to governance to finance to the environment.",FALSE,,FALSE,,FALSE,,FALSE,,0
1337,FALSE,,FALSE,,FALSE,,TRUE,,FALSE,,0
1342,FALSE,,TRUE,solution â€˜In Context - Brendaâ€™ uses education open data,FALSE,,FALSE,,FALSE,,0
1346,FALSE,,FALSE,,TRUE,Monitors the selling of state assets -  and thus serve both citizens and public finances,FALSE,,FALSE,,0
1350,FALSE,,FALSE,,FALSE,,FALSE,,FALSE,,0
1354,TRUE,advocates for more transparent healthcare data ,FALSE,"leverages open healthcare data to curate an onliine tool that helps users weigh heatlcare options to make a decision with confidence. Users search for experienced doctor who meet your needs, compare costs for procedures and appointments and read patient ratings and reviews",FALSE,,TRUE,"uses health data from a number of governmental sources to generate ""white papers"" and reports about the need for transparent healthcare ",FALSE,,0
1358,TRUE,"uses open data sources like Google, Education.com, Open Street Map, the U.S. Census, Localeze to promote walkable neighborhoods as one of the simplest and best solutions for the environment, health, and economy.",FALSE,provides walksource data to researchers; generated scoring and search technology to evaluate walkable/bikeable neighborhoods,FALSE,,FALSE,,FALSE,,0
1362,TRUE,"has a connected ctizen forum that seeks to connect citizen and the government through free data exchange",FALSE,,FALSE,,FALSE,,FALSE,,0
1367,FALSE,,FALSE,,TRUE,,FALSE,,FALSE,,0
1372,FALSE,,FALSE,"Uses open data to do user research, design and develop digital solutions that fit clients' needs and support business goals.",FALSE,,FALSE,,FALSE,,0
1377,TRUE,Advocates to end extreme poverty and promote shared prosperity by fostering the income growth.,FALSE,"Uses open data to conduct investigative research on global issue of poverty, and provide low-interest loans, zero to low-interest credits, as well as grants to developing countries.",FALSE,,FALSE,,FALSE,,0
1381,FALSE,,FALSE,,TRUE,Xpreso uses postcodes and GPS to help delivery companies identify locations and address to deliver parcels by mapping locations and display them on smart devices. It gives directions to drivers of delivery companies to both company and residential locations. It enable users to increase success rate of delivery.,FALSE,,FALSE,,0
1385,FALSE,,FALSE,"Use open geogrpahical data to create visualizations; combines geographical data with rental and mortage data to create the â€œBreakeven Horizonâ€ù , a metric that gives users a snapshot of how long they would need to own a home in a given area for the accrued cost of buying to be less than renting. ",TRUE,"uses aggregated open data to generate search portals for home buyers, sellers, and real estate agents",TRUE,uses data from the Census Bureau to generate market analysis to inform users of the best time to buy/sell property,FALSE,,0
I5XVPSYYnN,FALSE,,FALSE,,TRUE,,FALSE,,FALSE,,0
i9KD88nLuz,TRUE,Uses open data to promote positive civic and media engagement in the electoral process and advocate for the inclusion and visibility of human rights principles in the development process and new constitution in Tanzania.,FALSE,,FALSE,,FALSE,,FALSE,,0
iihs2BsLmo,FALSE,,TRUE,offers open data consulting services for organizations who want to build a framework for open data; has an open API ,FALSE,,FALSE,,FALSE,,0
IjAfkACfSK,FALSE,,FALSE,,TRUE,,FALSE,,FALSE,,0
Ilh4caAXP8,TRUE,,FALSE,,FALSE,,FALSE,,FALSE,,0
iNzMiS0yLe,FALSE,,FALSE,,TRUE,,FALSE,,FALSE,,0
Irt5SZSlV5,FALSE,,FALSE,,TRUE,,FALSE,,FALSE,,0
IYHpnSCBnH,TRUE,,FALSE,,FALSE,,TRUE,,FALSE,,0
iz3n7F11Zu,TRUE,,FALSE,,FALSE,,FALSE,,FALSE,,0
j8NNt0tf2k,FALSE,,FALSE,,TRUE,,FALSE,,FALSE,,0
jAvpMal9FA,FALSE,,FALSE,,TRUE,,FALSE,,FALSE,,0
jCIn6wfVlD,FALSE,,TRUE,"uses open data to provide governments and sectors that utilize open data with services include Analytics-as-a-Service,  Data Publishing, and Data Services.",FALSE,,FALSE,,FALSE,,0
Jdgj7mck7h,FALSE,,TRUE,"uses open data to deliver a cloud-based Open Data Platform, and allow users to choose how the data is displayed, when it should be made publicly available,also which datasets are made available to the public and which datasets are available only for internal use",FALSE,,FALSE,,FALSE,,0
jERsLMOk2L,FALSE,,TRUE,Online maps and navigation use open data on public transport routes -  businesses -  etc,FALSE,,FALSE,,FALSE,,0
JhHTP2tNJo,FALSE,,FALSE,,TRUE,,FALSE,,FALSE,,0
JKHKDlmvCZ,FALSE,,FALSE,,TRUE,,FALSE,,FALSE,,0
jm9fKVZFnr,FALSE,,FALSE,,TRUE,,FALSE,,FALSE,,0
JoL55Enng3,FALSE,,FALSE,,FALSE,,TRUE,,FALSE,,0
JtBrraL7iL,TRUE,"Uses open government data in Tanzania for various projects. The ""Kijana Wajibika"" initiative builds a sustainable presence of youth led networks on the ground -  motivated and equipped with the technical skills to drive citizen demand for greater accountability.",FALSE,,FALSE,,FALSE,,FALSE,,0
JvQDKcicYO,FALSE,,TRUE,,FALSE,,FALSE,,FALSE,,0
JXvXLyMIXS,FALSE,,TRUE,"uses open data to provide real-time transportation information on an App, which tells users the nearest bus stop, the frequently-visited bus stops, etc.",FALSE,,FALSE,,FALSE,,0
JYjbS05qR6,FALSE,,TRUE,"uses open data to provide consulting services which specialises in integrated, sustainable transport planning and research. ",FALSE,,FALSE,,FALSE,,0
K0K7X3bmx1,TRUE,Promotes open data as part of open government.,FALSE,,FALSE,,FALSE,,FALSE,,0
k1PnlpnYre,FALSE,,FALSE,,TRUE,,FALSE,,FALSE,,0
k3yH4YKpD8,FALSE,,FALSE,,FALSE,,TRUE,,FALSE,,0
K6IRDqUWqR,FALSE,,TRUE,"uses open data to create open database such as US financial network data, US financial license data, subsidiaries listed in SEC filings. It also provides premium services such as enterprise whitelisting service  ",FALSE,,FALSE,,FALSE,,0
K8gJdZ39PV,FALSE,,FALSE,,TRUE,Data on trees is used to identify fruit/nut bearing trees to harvest,FALSE,,FALSE,,0
Kch8GAzqv8,FALSE,,TRUE,an opensource of data repository to design accurate algorithms for clients,FALSE,,FALSE,,FALSE,,0
KdM7He6EUq,FALSE,,FALSE,,TRUE,,FALSE,,FALSE,,0
KGjjehBoKz,FALSE,,FALSE,,TRUE,,FALSE,,FALSE,,0
kHLp32Ubtf,FALSE,,FALSE,,FALSE,,FALSE,,TRUE,,0
khnSKcNrlf,FALSE,,TRUE,,FALSE,,FALSE,,FALSE,,0
kJB0tWOLB4,FALSE,,TRUE,Uses open data to provide relevant information about the tourism sector to its members.,FALSE,,FALSE,,FALSE,,0
KjuSx7r3Bu,FALSE,,FALSE,,FALSE,,FALSE,,TRUE,,0
kKxaoiMfUd,FALSE,,FALSE,,TRUE,,FALSE,,FALSE,,0
KOLFqmzu0t,FALSE,,TRUE,uses open geospatial and housing data to provide uses with up-todate housing information,FALSE,,FALSE,,FALSE,,0
kQzx6WSBQw,FALSE,,TRUE,Uses geospatial open data to provide geospatial services and market research.,FALSE,,FALSE,,FALSE,,0
KruTHN8qA9,FALSE,,FALSE,,TRUE,,FALSE,,FALSE,,0
kYFXUEu9j2,FALSE,,TRUE,Uses open data such as finance data for public accountability -  and housing data for Open Housing,FALSE,,FALSE,,FALSE,,0
l1P6crAZjs,FALSE,,FALSE,"Uses open datas to create communication platforms among patients and professional doctors, on which professionals share specially-designed questionaires to communicate with patients efficiently.  The platform replaces traditional communication tools such as  cell phones, emails, etc.",FALSE,,FALSE,,FALSE,,0
L47j2n0tBH,FALSE,,TRUE,,FALSE,,FALSE,,FALSE,,0
ldu6QvOCBg,FALSE,,FALSE,,TRUE,,FALSE,,FALSE,,0
Leh8qBirZm,FALSE,,FALSE,,TRUE,,FALSE,,FALSE,,0
Lh7RPRCxmL,FALSE,,FALSE,,FALSE,,TRUE,We publish all the data collected (for others to reuse); visualizations,FALSE,,0
LmMHh5FQ1W,FALSE,,FALSE,,TRUE,,FALSE,,FALSE,,0
lNjUnne8bb,FALSE,,FALSE,,TRUE,,FALSE,,FALSE,,0
loxPm7bXiM,FALSE,,FALSE,,TRUE,,FALSE,,FALSE,,0
lpkBsRnCtU,FALSE,,TRUE,,FALSE,,FALSE,,FALSE,,0
LVBV2hlWbk,FALSE,,FALSE,,TRUE,,FALSE,,FALSE,,0
lwV5IRFhNA,FALSE,,FALSE,,TRUE,,FALSE,,FALSE,,0
LZUkIj5yMe,FALSE,,FALSE,,TRUE,,FALSE,,FALSE,,0
M3BfDfPYX7,FALSE,,FALSE,,TRUE,,FALSE,,FALSE,,0
MGMdfKWLq3,FALSE,,FALSE,,FALSE,,TRUE,,FALSE,,0
mh4I8ZwPFL,TRUE,Uses open data such as geographical -  population -  and election data to improve public participation in redistricting.,FALSE,,FALSE,,FALSE,,FALSE,,0
MJmq71vdyH,FALSE,,TRUE,"Uses open data to share information access to users, and offer data in various forms such as charts, tables, maps, etc.",FALSE,,FALSE,,FALSE,,0
MllHM4RKj4,TRUE,Provides infrastructure with the CKAN data portal platform -  promotes open data -  provides training -  undertakes a wide range of open data projects.,FALSE,,FALSE,,FALSE,,FALSE,,0
MO9vfdXkxH,FALSE,,FALSE,,TRUE,,FALSE,,FALSE,,0
MPDrUXtx6t,FALSE,,TRUE,,FALSE,,FALSE,,FALSE,,0
mrsybJ19XX,FALSE,,FALSE,,FALSE,,FALSE,,TRUE,Help the private sector tap into open data to support commercialization activities,0
muzolyBCkr,FALSE,,FALSE,,FALSE,,TRUE,,FALSE,,0
mVEEkJgHcj,FALSE,,FALSE,,FALSE,,TRUE,Uses different types of urban data for research and civic projects.,FALSE,,0
mxysKQN4ia,FALSE,,TRUE,Uses data of transactions in the property market.,FALSE,,FALSE,,FALSE,,0
n4AiEJCBmE,FALSE,,FALSE,,TRUE,,FALSE,,FALSE,,0
n7OfGwlpes,TRUE,Publishes linked open data on behalf of various public sector bodies.,FALSE,,FALSE,,FALSE,,FALSE,,0
N9jJraamgN,FALSE,,FALSE,,FALSE,,TRUE,,FALSE,,0
nezMkLcQiY,FALSE,,TRUE,"uses open data to provide software development and design services. The company conducts content audits, design content strategy, information architecture and strong user experiences and we also develop front-end user interfaces. ",FALSE,,FALSE,,FALSE,,0
NHOSTLXxbb,FALSE,,FALSE,,FALSE,,TRUE,,FALSE,,0
nImUUIrhQF,FALSE,,FALSE,,FALSE,,FALSE,,TRUE,,0
NNvlXtr53v,FALSE,,TRUE,Primarily as an analytics and software company -  Emu Analytics produces tools -  applications and services that bring data to life in new -  intuitive and useful ways.,FALSE,,FALSE,,FALSE,,0
nPvrqdTgpY,FALSE,,FALSE,,TRUE,,FALSE,,FALSE,,0
NRz5Jkw6ZT,FALSE,,TRUE,"uses open data to provide e-commerce service to create SMART DATA IMPACT. Also, it optimizes the function of SEO search engine, offers SEM service for clients to do marketing online, as well as the SMO service to strengthen the connections on social platforms.",FALSE,,FALSE,,FALSE,,0
nsZMk6I8Gs,FALSE,,FALSE,,TRUE,,FALSE,,FALSE,,0
NtogpPoZIN,FALSE,,TRUE,"uses open clinical data to provide a returning traveller drop-clinic at HTD, uses the OPAL framework to build clinical facing transactional digital services for healthcare organizations, also makes Prescribing Analytics to showcase their research into unwarranted prescribing variation",FALSE,,FALSE,,FALSE,,0
NtzYrRFvaJ,FALSE,,FALSE,,TRUE,,FALSE,,FALSE,,0
NURHQckalm,FALSE,,TRUE,"offers flight data services and applications to customers serving the global travel industry",FALSE,,FALSE,,FALSE,,0
nYev0u6u73,TRUE,Promotes and support the use of open data.,FALSE,,FALSE,,FALSE,,FALSE,,0
o4DADEhapJ,FALSE,,FALSE,,TRUE,,FALSE,,FALSE,,0
O7YuqbYPr2,FALSE,,TRUE,"uses open data to create products for automotive, aviation, marine, outdoor, and sports ",FALSE,,FALSE,,FALSE,,0
ocAguAvpgZ,FALSE,,TRUE,,FALSE,,FALSE,,FALSE,,0
ocjF5PcCaE,FALSE,,FALSE,,FALSE,,FALSE,,TRUE,,0
oDisMepaOr,TRUE,,FALSE,,FALSE,,FALSE,,FALSE,,0
Og90C1e4rj,FALSE,,TRUE,Contains financial reports from millions of companies,FALSE,,FALSE,,FALSE,,0
ogIfNNRGyR,FALSE,,TRUE,GosZatraty project uses data of all government spendings to raise public awareness about public expenditure.,FALSE,,FALSE,,FALSE,,0
OH3UDWhbEQ,FALSE,,FALSE,,TRUE,,FALSE,,FALSE,,0
ojr2zmUlb3,TRUE,"Advocates for the principles of Open Government and Open Data : Transparency, citizen participation and reuse of information.",FALSE,,FALSE,,FALSE,,FALSE,,0
omLbW866V6,FALSE,,TRUE,uses open data to provide mobile radio solutions specialising in small business communications,FALSE,,FALSE,,FALSE,,0
OMrjWOKWV4,FALSE,,TRUE,"offers open data installed apps for users to find public spots or places conveniently. They used to provides apps such as ""Find Postboxes"", ""Find Banks and ATMs"", etc.",FALSE,,FALSE,,FALSE,,0
OO57j9bMsK,FALSE,,FALSE,,TRUE,,FALSE,,FALSE,,0
OOQGYSxzzt,FALSE,,FALSE,,TRUE,,FALSE,,FALSE,,0
oPtoq0ZRmf,TRUE,Promotes open data in higher education.,FALSE,,FALSE,,FALSE,,FALSE,,0
OQ8TO84VbK,FALSE,,TRUE,We rely on government data to be used as an important source for the majority of our topics. We've filed dozens of FOIA requests and made it our mission to take public data and transform it into actionable insights that consumers can use to become more knowledgeable.,FALSE,,FALSE,,FALSE,,0
oszkn2Qtdp,FALSE,,FALSE,,FALSE,,TRUE,,FALSE,,0
OUUm8I4V1Z,FALSE,,TRUE,,FALSE,,FALSE,,FALSE,,0
OvV6fuovWu,TRUE,Provides software which facilitates the publishing of linked open data; Involved in various Linked Open Data initiatives.,FALSE,,FALSE,,FALSE,,FALSE,,0
oyp5arP48V,TRUE,Promotes open data; Provides 'learning journey' about Edinburgh Festival's open data initiative.,FALSE,,FALSE,,FALSE,,FALSE,,0
OZhO7m0g8j,FALSE,,TRUE,We collect information about companies from public gazzettes and other sources -  combining them in a unique data source for ease of use. With international data -  we are able to connect companies and directors in different continents.,FALSE,,TRUE,We work with researchers and journalists to retrieve amazing statistics information no one else can provide,FALSE,,0
p0lK9MDBLa,TRUE,Collection and analysis of data for Tibet-related projects -  with short analyses to inform both political advocacy and community building.,FALSE,,FALSE,,FALSE,,FALSE,,0
P43F5S7n07,FALSE,,FALSE,,TRUE,,FALSE,,FALSE,,0
P55fEgOREw,FALSE,,FALSE,,TRUE,,FALSE,,FALSE,,0
P55fEgOREw,TRUE,,TRUE,,TRUE,,FALSE,,FALSE,,0
p5ke9bBkQ5,FALSE,,FALSE,,TRUE,,FALSE,,FALSE,,0
p81LYFDuYL,FALSE,,TRUE,"Uses open education data to develop software for educational planning, evaulation of academic management; uses open education data to preform data analysis reports and to offer educational consulting services ",FALSE,,FALSE,,FALSE,,0
pCW4cdxcZs,TRUE,Organizes hack days which use various open datasets.,FALSE,,FALSE,,FALSE,,FALSE,,0
PDqfpTVPPF,TRUE,Promotes open data and provides Alfresco services that facilitate open data publishing.,FALSE,,FALSE,,FALSE,,FALSE,,0
pFCPMiH6lW,FALSE,,FALSE,,TRUE,,FALSE,,FALSE,,0
phfuucIZMI,FALSE,,FALSE,,TRUE,,FALSE,,FALSE,,0
Phzm7hOEBr,FALSE,,FALSE,,TRUE,,FALSE,,FALSE,,0
pJitiXhJR5,FALSE,,FALSE,,FALSE,,TRUE,,FALSE,,0
pKDvXRVmqi,FALSE,,FALSE,,TRUE,,FALSE,,FALSE,,0
PKHonRcbtN,TRUE,Uses open data in various civic projects.,FALSE,,FALSE,,FALSE,,FALSE,,0
PLjWnpPCyC,FALSE,,FALSE,,FALSE,,TRUE,,FALSE,,0
POxJER8ReR,TRUE,Provides expert advice about knowledge of law and public policy -  and advocates for the use of open data.,FALSE,,FALSE,,FALSE,,FALSE,,0
PQLmjmyMUE,TRUE,Encourages citizens at requesting open data about contracted work in the public spaces.,FALSE,,FALSE,,FALSE,,FALSE,,0
pSdgAmMUps,TRUE,"Uses open data, such as Uses 311 and elections data, in various civic projects.",FALSE,,FALSE,,FALSE,,FALSE,,0
pSdmrA6h9G,FALSE,,TRUE,"uses open data to provide services about technology (mobile apps design, web program design, etc), media (recording studio, marketing and promotion), consulting. ",FALSE,,FALSE,,FALSE,,0
PUCQat8q6H,FALSE,,FALSE,,TRUE,,FALSE,,FALSE,,0
Putww4xBgj,FALSE,,FALSE,,FALSE,,TRUE,In order to provide profiles of political candidates -  we algorithmically sort and weigh political data on each candidate. We aim to give people a fast -  fun -  and easy way to become informed -  in any election.,TRUE,Use geospatial data to show people which elections are relevant to them -  including those in their local area.,0
pvUiDI7qkL,FALSE,,FALSE,,FALSE,,TRUE,,FALSE,,0
PWHrKonzbu,FALSE,,FALSE,,FALSE,,TRUE,,FALSE,,0
PX8BsXZ06M,FALSE,,TRUE,,FALSE,,FALSE,,FALSE,,0
Py0YyHW9rw,TRUE,Sandbagâ€™s maps use open data from the European Commissionâ€™s Community Installation Transaction Log and the United Nations offset registry.,FALSE,,FALSE,,FALSE,,FALSE,,0
pYOiGkl41w,FALSE,,TRUE,"uses open data to forcast wheather condition in New Zealand via maps and radars, which helps power companies meet demand, to a commuterâ€™s decision to wear a coat",FALSE,,FALSE,,FALSE,,0
pz6dslKvm7,FALSE,,TRUE,uses open data to provide consultancy service including: 1)Strategic needs assessment and benchmarking; 2)Programme evaluation and development; 3)Funding frameworks to target resources; 4)Future scenario planning and modelling; 5)Supporting local capacity,FALSE,,FALSE,,FALSE,,0
q0EFQriI4W,FALSE,,FALSE,,TRUE,,FALSE,,FALSE,,0
Q6MpjdKCJg,FALSE,,FALSE,,FALSE,,TRUE,,FALSE,,0
Q6yzeqa8Rx,FALSE,,TRUE,Uses public transport routes data.,FALSE,,FALSE,,FALSE,,0
Q8OHq7uOYt,FALSE,,FALSE,,TRUE,,FALSE,,FALSE,,0
q9c4AaEpRA,FALSE,,TRUE,Archive real-time public data into a database that allows users to export  machine-readable data,FALSE,,FALSE,,FALSE,,0
q9FlXGi1uK,TRUE,,FALSE,,FALSE,,FALSE,,FALSE,,0
qADqYs1Sty,TRUE,Delivers open data consulting -  publishing software and training for open knowledge projects and leading open data portals.,FALSE,,FALSE,,FALSE,,FALSE,,0
QAIgOYX96Y,FALSE,,FALSE,,TRUE,,FALSE,,FALSE,,0
QBCNTLYlvk,TRUE,Advocacy to promote information democracy and citizen-based governance.,FALSE,,FALSE,,FALSE,,FALSE,,0
qdAsWMHISF,FALSE,,FALSE,,TRUE,,FALSE,,FALSE,,0
QEDG2ygBBS,FALSE,,TRUE,Developing a visual navigation platform for legal research using public legal information.,FALSE,,FALSE,,FALSE,,0
QfqhYdsM7g,FALSE,,FALSE,,TRUE,,FALSE,,FALSE,,0
qI1dEW4sYK,FALSE,,FALSE,,TRUE,,FALSE,,FALSE,,0
QIND3UDete,FALSE,,FALSE,,TRUE,,FALSE,,FALSE,,0
Qjuf7tzDUa,FALSE,,FALSE,,TRUE,,FALSE,,FALSE,,0
qkRIJpXcbP,TRUE,Encourages city councils to open their bike sharing information.,TRUE,,FALSE,,TRUE,,FALSE,,0
QoihxrDhXx,FALSE,,FALSE,,TRUE,,FALSE,,FALSE,,0
qquSRTNhe3,FALSE,,FALSE,,TRUE,,FALSE,,FALSE,,0
QrFaVPHeUy,FALSE,,FALSE,,TRUE,,FALSE,,FALSE,,0
QsB6C9VeRE,FALSE,,FALSE,,TRUE,,FALSE,,FALSE,,0
qUfIP8NYnY,FALSE,,FALSE,,TRUE,,FALSE,,FALSE,,0
qVr343Wnyo,FALSE,,FALSE,,TRUE,,FALSE,,FALSE,,0
QXYCtmEMGI,TRUE,"Facilitating connections across multi-sectors to develop solutions using open data to solve genuine business challenges, as well as social and environmental challenges.",TRUE,,TRUE,,FALSE,,FALSE,,0
QXYCtmEMGI,TRUE,,FALSE,,TRUE,,FALSE,,TRUE,,0
r0W7Kw1zOv,FALSE,,FALSE,,TRUE,,FALSE,,FALSE,,0
r1bPNzMfhW,FALSE,,TRUE,,FALSE,,FALSE,,FALSE,,0
R3NAM00dGP,TRUE,Web-COSI project (which i-genius is a partner in) uses and advocates open statistics data.,FALSE,,FALSE,,FALSE,,FALSE,,0
R3uKkZGjCU,FALSE,,FALSE,,FALSE,,TRUE,,FALSE,,0
RB9OvncCz0,FALSE,,FALSE,,TRUE,,FALSE,,FALSE,,0
rbXNGLLz52,TRUE,Partnered with Sheffield City Council on the Air Quality+ project -  which seeks to improve air quality in Sheffield with open data.,FALSE,,FALSE,,FALSE,,FALSE,,0
rDfj9SDJph,TRUE,Open Data Nation introduces the benefits of open data and trains employees who use data to share -  which results in a culture of transparency and an ecosystem for new collaborations.,TRUE,Open Data Nation publicizes local stories of open data being put to good use -  which generates awareness -  demonstrates the value of data that is already published -  and improves decision making.,TRUE,Open Data Nation connects those looking to fill contract or full-time positions with local civic technologists and residents to create novel open data insights and solutions -  such as web apps and data visualizations.,TRUE,Open Data Nation measures the value of open data in your community by monitoring -  evaluating -  and reporting about how it is being put to good use -  which solidifies local commitments to open data.,FALSE,,0
RGqn3sngPP,FALSE,,FALSE,,TRUE,,FALSE,,FALSE,,0
rHkWNBFHwH,FALSE,,TRUE,,FALSE,,FALSE,,FALSE,,0
rNyztsP5Pl,FALSE,,TRUE,App for bicyclists (http://velomesto.ru) uses open urban data.,FALSE,,FALSE,,FALSE,,0
rOtCdKSXld,FALSE,,TRUE,"uses open data to map the locations of DOC huts, camp sites and visitor centres, as well as i-SITEs and BBH hostels across New Zealand",FALSE,,FALSE,,FALSE,,0
RpZW1NuhpQ,FALSE,,TRUE,Uses open data to provide financial services.,FALSE,,FALSE,,FALSE,,0
rqBdC3fv8k,FALSE,,TRUE,Services medications; Uses open data on medicines (pharmacies -  prices -  instructions),FALSE,,FALSE,,FALSE,,0
rWuXAc4Xwr,FALSE,,TRUE,,FALSE,,FALSE,,FALSE,,0
RXZE9l9DWr,FALSE,,TRUE,,FALSE,,FALSE,,FALSE,,0
S7nvs1kzIn,FALSE,,FALSE,,FALSE,,FALSE,,TRUE,,0
sbRlFKhAVu,FALSE,,FALSE,,TRUE,,FALSE,,FALSE,,0
sEVjzGYQz3,FALSE,,FALSE,,TRUE,,FALSE,,FALSE,,0
sIBoEm5cgU,FALSE,,FALSE,,FALSE,,TRUE,,FALSE,,0
sKG64fhogI,FALSE,,TRUE,,FALSE,,FALSE,,FALSE,,0
sKxtkxoAcb,FALSE,,TRUE,Certain products like the Crime Map and Canal and River Trust use geospatial and open government data to build their mobile applications,FALSE,,FALSE,,FALSE,,0
SOlmFbMFw9,FALSE,,FALSE,,FALSE,,TRUE,,FALSE,,0
Svam1dfEpj,FALSE,,TRUE,"creates a platform which transfer law to be turned into scientific data, allowing statistical analyses and comparisons across space and time",FALSE,,FALSE,,FALSE,,0
sxKbZqA1xx,FALSE,,TRUE,,FALSE,,FALSE,,FALSE,,0
T1TOfOfaSF,FALSE,,TRUE,,FALSE,,FALSE,,FALSE,,0
t2CvYElT7C,FALSE,,FALSE,,TRUE,open data used to generate APIs -  create vizualizations and build data portals,FALSE,,FALSE,,0
t5QtT3mdVT,FALSE,,FALSE,,TRUE,,FALSE,,FALSE,,0
T9sQPuJwW3,FALSE,,TRUE,"uses open data to provide services such as Software Development and Integration,Business Process Optimization and Design, Vertical Systems Integration.",FALSE,,FALSE,,FALSE,,0
Ta2juPP2zf,FALSE,,FALSE,,TRUE,,FALSE,,FALSE,,0
TAa1keVASW,FALSE,,FALSE,,TRUE,,FALSE,,FALSE,,0
tbWKOi2AAY,TRUE,Uses open datas to evaluate and supervise government operations to offer advice for public policy improvement.,FALSE,,FALSE,,FALSE,,FALSE,,0
teoFxL0RGH,TRUE,Portal It contains crucial information on freedom of information laws and how they were drafted and implemented -  including how various provisions have worked in practice.,FALSE,,FALSE,,FALSE,,FALSE,,0
tfU6VdRfaD,FALSE,,FALSE,,TRUE,,FALSE,,FALSE,,0
tI6HhfoX0v,FALSE,,FALSE,,FALSE,,TRUE,,FALSE,,0
tKfUAFYzn2,FALSE,,FALSE,,FALSE,,TRUE,,FALSE,,0
tMXyoDh8vq,FALSE,,FALSE,,TRUE,,FALSE,,FALSE,,0
tn0U3dsQgE,FALSE,,TRUE,"uses open data from organizations to provide industry-aligned solutions and products are designed to give a complete end-to-end offering â€“ examples include Visual Water, Visual City and Visual Plant.",FALSE,,FALSE,,FALSE,,0
tN8NHOJH6R,FALSE,,FALSE,,TRUE,,FALSE,,FALSE,,0
TrfMtR8xBs,FALSE,,FALSE,,TRUE,,FALSE,,FALSE,,0
tRhzalZBci,FALSE,,TRUE,"uses open data to launch exceptional digital experiences â€“ from web and mobile apps to AR/VR and IoT. It offers services to help transform customers' business through multi-platform, connected user experiences that drive competitive advantages.",FALSE,,FALSE,,FALSE,,0
tsJUfFZjY5,TRUE,,FALSE,,FALSE,,FALSE,,FALSE,,0
twHglpwcvW,FALSE,,FALSE,,TRUE,,FALSE,,FALSE,,0
tWm9SgqiBi,FALSE,,FALSE,,TRUE,,FALSE,,FALSE,,0
TxIrklA0vT,FALSE,,FALSE,,FALSE,,TRUE,,FALSE,,0
TyPiAItSPA,FALSE,,TRUE,,FALSE,,FALSE,,FALSE,,0
tzxXHndpfR,FALSE,,FALSE,,TRUE,Market research,TRUE,,FALSE,,0
u8I9HV036Z,FALSE,,FALSE,,FALSE,,TRUE,,FALSE,,0
uAHdZDAWD3,FALSE,,FALSE,,TRUE,,FALSE,,FALSE,,0
uBpQHxRjtc,FALSE,,FALSE,,FALSE,,TRUE,,FALSE,,0
udBdqzirAB,FALSE,,TRUE,uses open data to provide search platform for users to find perfect home in ideal neiborhoods ,FALSE,,FALSE,,FALSE,,0
Ude9wU5BZG,FALSE,,FALSE,,TRUE,,FALSE,,FALSE,,0
uJ9yPZArU0,TRUE,Organizes hacks focused on open government data to create new tools and applications.,FALSE,,FALSE,,FALSE,,FALSE,,0
uKV048tUu5,FALSE,,FALSE,,TRUE,,FALSE,,FALSE,,0
uL2PMHp6wW,FALSE,,TRUE,,FALSE,,FALSE,,FALSE,,0
uLaZh3hrah,FALSE,,FALSE,,TRUE,,FALSE,,FALSE,,0
UlBJhh9dLa,FALSE,,FALSE,,TRUE,,FALSE,,FALSE,,0
uOJgZ7vgVv,FALSE,,TRUE,,FALSE,,FALSE,,FALSE,,0
upPxsA73X7,FALSE,,FALSE,,TRUE,,FALSE,,FALSE,,0
uSm0aNHml4,FALSE,,FALSE,,FALSE,,TRUE,,FALSE,,0
Ux5kaj9ARH,FALSE,,TRUE,Uses open data to provide information about labor and the private sector to its members.,FALSE,,FALSE,,FALSE,,0
uxGejPIDFY,FALSE,,TRUE,"uses open data to offer tailor-made productsand services for cilents in various industries by offering standard historical sources such as fire insurance maps, aerial photos, and city directories",FALSE,,FALSE,,FALSE,,0
V1idNwpmxg,FALSE,,TRUE,Incorporates geosptial open data in mapping technologyservices.,FALSE,,FALSE,,FALSE,,0
v2gygypvOE,FALSE,,FALSE,,TRUE,,FALSE,,FALSE,,0
V2RUzO2oZ3,TRUE,,FALSE,,FALSE,,FALSE,,FALSE,,0
V3dDMeWO09,FALSE,,FALSE,,TRUE,,FALSE,,FALSE,,0
VbQzVUhFIE,FALSE,,TRUE,"uses open data to help consumers, governments and enterprises worldwide know before with current conditions, forecasts, and severe weather alerts when minutes matter",FALSE,,FALSE,,FALSE,,0
VD4kfyqgY6,FALSE,,TRUE,"uses open data to create a platform OpenGovGear Portals, and offer customized services such as adding features, designing custom schemas and integrating new system with existing systems",FALSE,,FALSE,,FALSE,,0
VE0cUzqZVg,FALSE,,FALSE,,TRUE,Aggregation of UK research equipment data (availability) displayed through one searchable portal including api for data download and re-use.  Aim is to increase utilisation of UK HE research equipment through collaboration and to provide opportunities for value added data aggregations e.g. linking to research outputs (demonstrating impact),TRUE,Exploring wider data aggregation and development of open data standards.,FALSE,,0
VFcYjhz5zs,FALSE,,TRUE,uses open data in NuCivic Data -  DKAN products,TRUE,,FALSE,,FALSE,,0
VgXpbasqWv,FALSE,,FALSE,Uses open health data on pharamaceutical drugs to create a Dictionary of Pharmaceutical Specialities and is the leading health information  company in Latin America,FALSE,,FALSE,,FALSE,,0
VgXpbasqWv,TRUE,,FALSE,,FALSE,,FALSE,,FALSE,,0
vhm61gPttb,FALSE,,FALSE,,TRUE,,FALSE,,FALSE,,0
VHwRlntRmg,TRUE,Uses open data in various civic projects.,FALSE,,FALSE,,FALSE,,FALSE,,0
VIhBy7NsSM,FALSE,,FALSE,,FALSE,,TRUE,,FALSE,,0
VJAjwwUEfs,FALSE,,FALSE,,TRUE,,FALSE,,FALSE,,0
VkatLoxzLj,FALSE,,TRUE,,FALSE,,FALSE,,FALSE,,0
VPRo2lz86K,TRUE,Organizers of the Open Data Forum,FALSE,,FALSE,,TRUE,,FALSE,,0
vr4UKC4Pn3,TRUE,Uses open data to tell stories about federal data.,TRUE,provides advising services on services and tools to open data; developed tools and platforms for open data,FALSE,,FALSE,,FALSE,,0
vRrpu5VhYy,FALSE,,FALSE,,TRUE,,FALSE,,FALSE,,0
vubeBubSE0,FALSE,,FALSE,,TRUE,,FALSE,,FALSE,,0
vw28VZ1BQN,FALSE,,FALSE,,TRUE,,FALSE,,FALSE,,0
VwUVkSMKvf,FALSE,,TRUE,Uses open data to provide consulting services around issues such as land use and natural resources.,FALSE,,FALSE,,FALSE,,0
VXd2DFSUcE,FALSE,,TRUE,"uses open data on the UK's Register of Charities to provide the basic information (name, charity number, contact details, aims and most recent accounts info) in an accessible way, making the data reused for mashups, analysis, and in other websites",FALSE,,FALSE,,FALSE,,0
VybGpsXuBG,FALSE,,TRUE,Quorum provides legislative data -  demographic data -  and quantitative analytics for all 50 state legislatures.,TRUE,Quorum uses open data in order to automate many of the tasks that legislative professionals had traditionally done by hand. Our Bill Text Comparison feature automatically highlights additions -  deletions -  and modifications between bills -  and the Spreadsheet feature allows users to create auto-populating legislative spreadsheets with legislative and demographic statistics side by side.,FALSE,,FALSE,,0
VzSofXqAOU,TRUE,Collaborates with the Ministry of Information Communication and Infrastructure (MOICI) to educate and inform the people of Gambia.,FALSE,,FALSE,,FALSE,,FALSE,,0
vzYYcBzsnB,FALSE,,FALSE,,TRUE,,FALSE,,FALSE,,0
w3dNHMPSDK,FALSE,,TRUE,"collects and aligns data on air quality, chemical exposures and health impacts, adds the data to GeoHealthUS' geographic coverage continuously",FALSE,,FALSE,,FALSE,,0
w7WJ6Kyg0Y,TRUE,Involved in a variety of project that use open data -  including the Public Information Database - www.opendata.ge.,FALSE,,FALSE,,FALSE,,FALSE,,0
WaEeTKek9n,FALSE,,FALSE,,FALSE,,TRUE,,FALSE,,0
WAQ8FIwG88,TRUE,Advocates for issues related to transparency and access to public information.,FALSE,,FALSE,,FALSE,,FALSE,,0
WBgytYkgdt,FALSE,,FALSE,,TRUE,,FALSE,,FALSE,,0
wCJNxLjS2G,FALSE,,FALSE,,FALSE,,FALSE,,TRUE,,0
WEdNBMIMGR,FALSE,,FALSE,,TRUE,,FALSE,,FALSE,,0
wggh1suS7B,TRUE,Organizes conferences on civic issues and advocates for the use of open data.,FALSE,,FALSE,,FALSE,,FALSE,,0
whNzFbkEvt,TRUE,Provides infrastructure for analyzing open data; Promotes open data through events.,FALSE,,FALSE,,FALSE,,FALSE,,0
wijJc87q2T,FALSE,,TRUE,,FALSE,,FALSE,,FALSE,,0
WJ8Dho2TFT,FALSE,,TRUE,,FALSE,,FALSE,,FALSE,,0
wjD8SJRNPy,TRUE,,FALSE,,FALSE,,FALSE,,FALSE,,0
wLe1qUuYQ3,FALSE,,FALSE,,TRUE,,FALSE,,FALSE,,0
WMadXwj4dr,FALSE,,FALSE,,TRUE,,FALSE,,FALSE,,0
wMp92SmxAf,FALSE,,FALSE,,TRUE,,FALSE,,FALSE,,0
wpisOBLY3x,FALSE,,FALSE,,TRUE,,FALSE,,FALSE,,0
WPwml4Ezgp,TRUE,Promotes and encourage use of open data.,FALSE,,FALSE,,FALSE,,FALSE,,0
Wqy2OYY0hp,FALSE,,FALSE,,TRUE,,FALSE,,FALSE,,0
WrEdbaOtST,FALSE,,TRUE,,FALSE,,FALSE,,FALSE,,0
ws6PbGmHch,FALSE,,TRUE,Uses transportation open data to enable associates to be informed.,FALSE,,FALSE,,FALSE,,0
WSdBVHW1CB,FALSE,,FALSE,,FALSE,,TRUE,,FALSE,,0
wSdLsb1gKE,FALSE,,TRUE,"uses open data to design games on mobile platforms, the company also creates augmented reality experiences, location-based tours and soundscapes",FALSE,,FALSE,,FALSE,,0
wV1wRtnpO3,FALSE,,TRUE,,FALSE,,FALSE,,FALSE,,0
wVZqSqNmb3,FALSE,,FALSE,,FALSE,,TRUE,,FALSE,,0
Wx7irQKFyn,FALSE,,FALSE,,TRUE,,FALSE,,FALSE,,0
WycyKB0n0x,FALSE,,FALSE,,FALSE,,TRUE,,FALSE,,0
WYF6M6aEPA,TRUE,,FALSE,,FALSE,,FALSE,,FALSE,,0
wYNWo6xLaE,TRUE,,FALSE,,FALSE,,FALSE,,FALSE,,0
X204jopN0k,FALSE,,TRUE,uses open data to provide a one stop business analytics platform for municipalities and schools,FALSE,,FALSE,,FALSE,,0
X2i4umYpjD,FALSE,,FALSE,,TRUE,,FALSE,,FALSE,,0
X4LtHCdZyT,FALSE,,TRUE,,FALSE,,FALSE,,FALSE,,0
X4ZRsk8374,FALSE,,FALSE,,FALSE,,TRUE,,FALSE,,0
x7xOnk1xBv,FALSE,,FALSE,,TRUE,,FALSE,,FALSE,,0
x7xOnk1xBv,FALSE,,TRUE,,FALSE,,FALSE,,FALSE,,0
x8a3iz7thS,FALSE,,TRUE,Uses open data to provide relevant information on enterpreneurship to its members.,FALSE,,FALSE,,FALSE,,0
X8mOUA4cqR,FALSE,,FALSE,,TRUE,,FALSE,,FALSE,,0
x8XrLcXivC,FALSE,,TRUE,uses open data to provide data sharing components with the core solution of OpenDataSoft platform. Additional components such as ETL can be added on the cloud. ,FALSE,,FALSE,,FALSE,,0
xBOY1qm0vr,FALSE,,TRUE,"Uses open data to create an interactive platform to offer news in business, politics industries in Colombia. It serves as a public resource for journalists, professional organizations, citizens to collect accurate and needed information.",FALSE,,FALSE,,FALSE,,0
xecxyONbI0,FALSE,,FALSE,,TRUE,,FALSE,,FALSE,,0
xELz7zdmQr,FALSE,,FALSE,,FALSE,,TRUE,,FALSE,,0
xiyZ62fB8d,TRUE,"to improve the ability of Mexican government to attract and maintain talents, as well as make better investment decisions.",TRUE,uses open data to provide consulting services for public policy making work. ,FALSE,,FALSE,,FALSE,,0
XkiA7ec40I,FALSE,,FALSE,,TRUE,,FALSE,,FALSE,,0
xlETNMURSq,FALSE,,TRUE,"uses open data to develop Doordaâ€™s unique and innovative reference dataset that enables the citizens and businesses to navigate, connect and make sense of local and national open data",FALSE,,FALSE,,FALSE,,0
xLthYQODfA,FALSE,,FALSE,,TRUE,,FALSE,,FALSE,,0
xp1XFMdxXd,FALSE,,FALSE,,TRUE,,FALSE,,FALSE,,0
XQ5wwD9cvr,FALSE,,FALSE,,TRUE,,FALSE,,FALSE,,0
XqJzCe5uw4,FALSE,,TRUE,,FALSE,,FALSE,,FALSE,,0
xvNmsMGcRs,FALSE,,TRUE,"Uses open data to make investments on areas with high impact on the lives of low income families, such as healthcare, housing, financial services and basic services (water, energy and communications).  ",FALSE,,FALSE,,FALSE,,0
xW9YZQrnwe,FALSE,,FALSE,,TRUE,,FALSE,,FALSE,,0
xWpwHUdq6e,FALSE,,FALSE,,TRUE,,FALSE,,FALSE,,0
XyFnEctB7K,FALSE,,FALSE,,TRUE,,FALSE,,FALSE,,0
y5D0WAzXqN,FALSE,,FALSE,,TRUE,,FALSE,,FALSE,,0
Y9DTT0M1kc,TRUE,,FALSE,,FALSE,,FALSE,,FALSE,,0
Y9mcRE2wWq,FALSE,,FALSE,,TRUE,Planning and land development analysis for property development,FALSE,,FALSE,,0
yAiVzePr11,FALSE,,FALSE,,TRUE,,FALSE,,FALSE,,0
yeXDIX9UcS,FALSE,,FALSE,,TRUE,,FALSE,,FALSE,,0
Yf39waQ5G0,FALSE,,FALSE,,TRUE,,FALSE,,FALSE,,0
YFb7WDfW0P,FALSE,,TRUE,Uses open data to provide financial and consulting services.,FALSE,,FALSE,,FALSE,,0
yG0WapbeNq,FALSE,,FALSE,,TRUE,,FALSE,,FALSE,,0
yger4QUzA2,FALSE,,FALSE,,TRUE,,FALSE,,FALSE,,0
yjMfkmYIe8,FALSE,,FALSE,,TRUE,,FALSE,,FALSE,,0
YJnNYkqs3o,FALSE,,FALSE,,TRUE,,FALSE,,FALSE,,0
yJZO4zVTRi,FALSE,,FALSE,,TRUE,,FALSE,,FALSE,,0
yKdEABTWwb,FALSE,,FALSE,,FALSE,,TRUE,,FALSE,,0
yLmauiddYP,FALSE,,FALSE,,FALSE,,TRUE,,FALSE,,0
ylY8DsQl5i,FALSE,,FALSE,,FALSE,,TRUE,,FALSE,,0
yN0tryGa3C,FALSE,,FALSE,,FALSE,,TRUE,,FALSE,,0
YQCuDIfayX,FALSE,,FALSE,,TRUE,,FALSE,,FALSE,,0
YqlKQX2Nyf,FALSE,,FALSE,,TRUE,,FALSE,,FALSE,,0
ysMi7Kmz2J,FALSE,,TRUE,,FALSE,,FALSE,,FALSE,,0
YU7gvJ25CD,FALSE,,FALSE,,FALSE,,TRUE,Uses data from the Archive and the Museum of the Memorial for visualization of archive data about terror in USSR.,FALSE,,0
ywLuOUZbC0,FALSE,,TRUE,"uses open data to build up integrated data and technology platform and offers solution that aggregates live information on incidents, closures, roadworks, VMS & CCTV ",FALSE,,FALSE,,FALSE,,0
YXNK5CayYx,FALSE,,FALSE,,TRUE,,FALSE,,FALSE,,0
YxNYdovJG6,FALSE,,TRUE,,FALSE,,FALSE,,FALSE,,0
z2P0oAXz65,FALSE,,TRUE,,FALSE,,FALSE,,FALSE,,0
z3hgMMy0ml,FALSE,,FALSE,,TRUE,,FALSE,,FALSE,,0
z3vFkz9igi,FALSE,,FALSE,,FALSE,,TRUE,,FALSE,,0
Z6rIYrkNEt,FALSE,,TRUE,"uses open data to offer services such as audience measurement, consumer targeting, insight solutions, social media intelligence, etc ",FALSE,,FALSE,,FALSE,,0
Z9Sw0HYepB,FALSE,,FALSE,,TRUE,,FALSE,,FALSE,,0
zaTXZnKdAJ,FALSE,,FALSE,,TRUE,,FALSE,,FALSE,,0
zaTXZnKdAJ,FALSE,,FALSE,,TRUE,,FALSE,,FALSE,,0
ZBaslgWsAO,FALSE,,FALSE,,TRUE,,FALSE,,FALSE,,0
zdXPOKVbVr,FALSE,,FALSE,,TRUE,,FALSE,,FALSE,,0
zex6L9E7Io,FALSE,,FALSE,,TRUE,,FALSE,,FALSE,,0
zGZmAQQDpW,FALSE,,TRUE,has an open source business intelligence option for users who want to use open information systems for the companies ,FALSE,,TRUE,,FALSE,,0
ZIAg4WV7uS,FALSE,,FALSE,,TRUE,,FALSE,,FALSE,,0
ZiKKS1exPo,FALSE,,TRUE,,FALSE,,FALSE,,FALSE,,0
ZjZHSI8cyj,TRUE,Has built a world wide community of data scientists who are using open data to create value.,FALSE,,FALSE,,FALSE,,FALSE,,0
ZkzYU27r5L,FALSE,,TRUE,App for searching medical drugs (uses healthcare data).,FALSE,,FALSE,,FALSE,,0
ZMHEke6Ye6,FALSE,,TRUE,"uses open data to provide service such as penetration testing, product management, native mobile app development and consulting services.",FALSE,,FALSE,,FALSE,,0
ZngIeBHJuc,FALSE,,FALSE,,TRUE,,FALSE,,FALSE,,0
ZnvcGaaSk8,FALSE,,FALSE,,TRUE,,FALSE,,FALSE,,0
zODcJmikoD,FALSE,,FALSE,,FALSE,,TRUE,,FALSE,,0
ZpEIqF2a4L,TRUE,Organizes events -  trainings for NGO -  education in activism.,FALSE,,FALSE,,FALSE,,FALSE,,0
ZPUViPEx49,TRUE,Publishes federal data aimed at improving civic engagements -  research and development -  development of innovative solutions focused on local issues -  development of a sustainable and smart environment.,FALSE,,FALSE,,FALSE,,FALSE,,0
ZqBWhzgh35,FALSE,,FALSE,,FALSE,,TRUE,Carries out research around environmental issues in general.,FALSE,,0
zSwwUnIV5U,FALSE,,FALSE,,FALSE,,TRUE,,FALSE,,0
ZTbVjsdPNP,FALSE,"To improve the efficiency, reliability, security and innovation of data. ",FALSE,"Use data to provide data center services such as colocation, Cloud services, N3 hosting, ISO 27001 hosting, business continuity and disaster recovery ",TRUE,,FALSE,,FALSE,,0
zttKoUbcjl,FALSE,,FALSE,,TRUE,,FALSE,,FALSE,,0
Zyefc8xGCn,FALSE,,TRUE,"Use open data to provide data driven and collaborative solutions to manage supply chain performance and risk via Collaborative Data Platforms, Business Intelligence Software and Sustainable Business Marketplace.",FALSE,,FALSE,,FALSE,,0